0,ab5c96a94f148d5b4ccb336ba9bab169697096d54ca6d130e6ca844b11254b96a549cd25240d08493024000800000000000000000000000000000000000000000000000000000000
1,ab4939e851318948354328822948258c919a72cc24e28e7b698c2f05608412119165ac6e4c4e534c4e534e6acab105318e284071540056750056b50071d500892800500400000000
2,e44939b651318c0431596886a51231126e00e5bc00e5bb00c3ab401a5400c02a00000000000000000000000000000000000000000000000000000000000000000000000000000000
3,e96da58aa9858a698d7a9b569e739a6c63595a56969e55549b5736ca9e49dad769ae56683729a6b66d2ea645386db1e4ecc9584c975a5a6ca04e4d105e2c00a19000084c00000000
4,56bbac578a4fd3920c4b5d6b939edbb36acbd9c961ddd8f059dad292d665235766135266c8d3d66c50f45a52f232a78836b5e1e39c68684a80608440e00000c00000000000800000
5,e99b6c978c6dc68a2cf64b1394538a445319496dc28ee1b3c8696be5d25ac51314d51f529973c69bd2c171cee5ee94a9e95685a656b179a5897935a63bb5a103ca50d42520d00000
6,fe5b1e9ed79c8ed69171697389040c26c002d2c0009ad800daba00254000989000000000000000000000000000000000000000000000000000000000000000000000000000000000
7,7269b25248b363587394a6648a1182658e5a9973c49bd2c271cec40c25198102e010da928f2535c649a5c769a4386613648824191000d4c00055f400553400aac000401000000000
8,e34aa6ab59b5c9dbb58c3a59b54b5a6acb535a58cd1358ce4b584c24a3214d0e0c92d9c362a5b46aa5306ab531854ac622a430d0c0006d3000d3b4006db40022400040a000000000
9,a9cd2cb189aea989aeee4b55bcb39272138ddd8d4edb96625bb671e1e949e1844b6186cbce63282a32dade332621cd8f082230800004a00000800000000000000000000000000000
10,8bb9968b391ac93993b86bd0b57af4b562764b5791715596b15d8d34a29c685260632d9818d2605ca26ab42c4a0ad124200048000000000000000000000000000000000000000000
11,f49800d59b21b31b46eaec311c92794e3d68406415099161a64c1c494b9d898b93a18b9154346c918b003000006000007800005a0000a00000100000000000000000000000000000
12,5ad7e55ad4c756d4c0a90b104445a31a52daa4ace5cb5aab8718a624a545191020440000800000400000400000a00000400000000000000000000000000000000000000000000000
13,aaeed28ce4d78cc6d94b730dca729d4e631d559cb849bcaa36b5a5b90a5adeb0a456490a6256d5632cf46166f386931323436c04a4829ccae078aaa898cba0e344400880a0000000
14,9d6259926a569e4a506919a85268310ca088e35ecbf3aea3734e938d1144600893da436c259494319ce3429d13a5428c001001400000d00000a00000800000000000000000000000
15,9d934c9353ad9e536d68ad50164094c9b328b9b49ab984d4b984d0465b28b180d0000000000000000000000000000000000000000000000000000000000000000000000000000000
16,595705556722556721be94d8b728deb30d5edb4e299b4e498b0e4c71b5b53aa5b433adb65366684a7e51633a4d0985a6822800400000600000600000600000800000400000000000
17,e928008da80089a800620000892000000000000000000000000000000000000000000000000000000000000000000000000000000000000000000000000000000000000000000000
18,e932a655726a5bd939190e69b6ac56b92d2e4972dc92f25989b338d3594ed24154eec34b32e5b492c5c58ac597651a3842c0c4918020316000b16800316800468000306000000000
19,e16931a3d932b9587155e5bad564b355647169db4df09c6ed1988c65ed2b2595ba15852ad149a92b058b2b096eb596b1b5937ab4db38c29cc9b4da229cda014b2000a89800680000
20,e98db88d851889cd04625ace4889399536b631534bb1cdca31ed8e461231299108146d00d6ce0075cd0074e9000b2680448100000000000000000000000000000000000000000000
21,967140963548ea4d105d8d6c59ec4e49e52ca61b8048c44c219100da4940cc95405e6d00226a00088500004000000000000000000000000000000000000000000000000000000000
22,5de4a459c90448c51bca5ca4b64b40cacba22234b4362eb9a6a6b1495946c68a282134d772dd1972d9495271c5adae32420141c00000c00000c00000c00000000000800000000000
23,b96125b571d4b5612c4a8cb2512054ad892e222522b2d6aa71aeaa13b15564466a190d94c6d14dd565ead2f368080a14c04028000000000000000000000000000000000000000000
24,62690c4672ae56612ea98dd00431a4cb424bb49cd4a49ca89618a568215284126412409aabb978ea3926e639961186c8823102000000000000000000000000000000000000000000
25,62690c4672ae56612ea98dd00431a4cb424bb49cd4a49ca89618a568215284126412409aabb978ea3926e639961186c8823102000000000000006000001040011200010c06011349
26,da5a16549e564a9e522961a9120904418490356aecb57a8e35b98e4a4660b0208c4d0000bc0000934000cb4000248000810000000000000000000000000000000000000000000000
27,ea6d79be57794c6d35da93deb3555cd3524c62cd33e28c08698d0095400099d400989800236000001000000000000000000000000000000000000000000000000000000000000000
28,596ac453cce551cce0a833162340c048bc25caacbacae7a2cb37a334c8588a2622440000b80000360000368000c80000240000000000000000000000000000000000000000000000
29,5de63659c32c49c736a6316949049092d2cc6ccd296ecaaaacc9ab513455488020000000c00000ec0000cd0000000000480000000000000000000000000000000000000000000000
30,5c8a525cb5b35a69a3aa7ebb9358a3935a6334b1b329adba3524b2225ce32cbcf238f4b3ca496c456b5ec9fb5a9696a5553210d26a8036ac0036ec0032cc00cc3000128800000000
31,5c8a525cb5b35a69a3aa7ebb9358a3935a6334b1b329adba3524b2225ce32cbcf238f4b3ca496c456b5ec9fb5a9696a5553210d26a8036ac0036ec0033cc40cd1200110c06011349
32,b16e7ab5626a8ef0c9cb9b9bab948cab9a6d986a7056998956e096d18ae9999e91924e8845a16c124c208cb2d87349176389d3614530066029610916400000800000e00000680000
33,eb9b8cab948cab9a6d5cca625a6a624c4af2d39ae9999e91924e88c4a56ce1d6dac5d6d87349176389d3614530042029614926600000800000e80000680000800000600000000000
34,bc9172bf116e73cd2a5ad48644d3c55a58e424e493a4ca93a2c8523237297a5e9bc9a4a632f345525b96546b098a1469000b48226500d81ae0ba9d68b29268446480981140000000
35,596ad353cce351ccc7e933399572d98ad3653537963be62f16860bc971239671b31661312a044e27b213a5a868a61614bf2f2ac62b2624d4d49a1a2065a4005a4d00552d00726d00
36,e93329d572d98bd325d2b70eb192f03692cb4961238671b396613169848e063213d848e8a49614be2f22c63b2624d4d89a1a2065a4005a4d00552d00724d008b1000100c00000000
37,8e69694a4d4bce6d2f31b2b01a414a244cb11b924c8552af8a624b584564218203100000000000000000000000000000000000000000000000000000000000000000000000000000
38,b59792b5138dd3538c54981841d8aa5898bbc486bcca94b9ee949c0d6a629204b050d24dad2d26ce4ea6ce44b130a159cc04a6000001800000800000800000000000000000000000
39,58db4b5e5b434c4b43eb4d99137a5a4829861cad6506ad1916ad69e65b4be4df92e65d9bdb2269c81492d64169b5b99235591496191c49368380c104202000c00000a00000a00000
40,e8bdd48d9d2e899d126262cc899100400000b00000ba0000b80000400000b00000000000000000000000000000000000000000000000000000000000000000000000000000000000
41,cb5737ea672dea672a159891226620580000260000a68000a68000500000260000000000000000000000000000000000000000000000000000000000000000000000000000000000
42,b64de5964da5934db4d931ad948dcd77ad8dca32325685c55a9032912ca496aeaa8d7a250d057560a8828446595ab9a553b2b5d270a5286d0ac38005104000d00000d00000d80000
43,554b5c55435c567358a98ca312125024c00029d0002cd00038d000c60000284000000000000000000000000000000000000000000000000000000000000000000000000000000000
44,aa5cca92584a93584a6ca3013258489da0925e5a4d5a4e115a5e59a1a19e5248610ca086d2ca1af28e1ae38e9a0c4165528892a80000a80000a80000680000100000280000000000
45,d298d2559c375318a302a3984c6a619a11a344b48434aeb834a6b1ca596623249094c2486ab575cbb547cdb4c4224330a930c3500000300000b00000b00000c00000200000000000
46,ab00009bb041a5b58c7a9a725e75724e6572b19a89644142ca00008d800059d00038b800364000c01000200000000000000000000000000000000000000000000000000000000000
47,b94040bd2189754a748a726a966956cb494a2918a9402000900000940000d40000d00000200000500000000000000000000000000000000000000000000000000000000000000000
48,b945cfbd2dcdf12dc90cd224985d0187a300274b40e4eb40c44b409a1400004900000000000000000000000000000000000000000000000000000000000000000000000000000000
49,e66d59b65b518c5911eacf5eb5a4a77097266cda68dcca7a9cd25a49cd114bf6267bb048b5462638671631b736c6c8e8212414000000000000000000000000000000000000000000
50,5de73559c33449e634ab4b58b18a5ca98e5e4d34b4ced9bcc478b4924ccaea2c8c925c4e6d6957cf6b558e4b5312f2c852bad1da9ad034a58027aba064ee2090d5d0270020008000
51,596ad353cce351ccc35a5adc5a44dd4e5a4c29d5952995ac651cf699cab9898b39a9eb3bd473443a5b12a84b24515e6bb42e5b2d8c5d5249a2242040800800000000c00000c00000
52,cb69b80a35594a3d2cb2454b9245765ad1d66528883416894c51cd99a83a610184b400004b00004ba00049a000340000490000000000000000000000000000000000000000000000
53,59432e518a2555cea5ca5d4ab64e1ccbcc545c6b494e33ca4c71ca274651a656bc94758d536731137755a56f4d9288b202844dcd6000d2e000c6e00042d000192000408000000000
54,6a69295ad7a24b91a9a568690cd90643164baad5b4aad56d6af228d508961384088c6300364b40a54b40234b408ca400230900000000000000000000000000000000000000000000
55,e9ada955caf94989d25996e8b5926ea191c64e4b6d8c5acc4e6ace96a71496571a573732d10a4b2b928da3326d322c5e398649350645c529b2e56d81e525801a9200852580000000
56,b7ca75b74a6575d9470a26b854c9252a32cacb2494d62eb4bb269405b34b6244949d1b606592f42510b41d9cf0c263000510a0000000000000000000000000000000000000000000
57,7269b25248b3735873caf264aaed828b6cda9973c49bd2c271cec40c2515b258890da6a6ca4e29da4ca9da2ca525d35aa208855c00007b0000734000d340002c8000130000000000
58,b6725b96ee5b91cc7aeb195cab919ccb9198cdd9a7ced946c53937653cb2470aad5612ed6879325669134971435d8b565593da418f9932b8663aaa9026a200cade00cad7808e31a0
59,eab2dda6b259947230d0d34b957274a326cd72c55292e57a8ac563491a98ab026296c59d68e6496a65e928e56b969a1608c9412606003485802cc5802cc6c0d2290020c080000000
60,cb4a99ea6a766a6e91ea4bcab453c37099c3eabb4ad8b3975ab30d1a4ad99c35559cb2a3ed596ad91d40991b4032e0a0c11340c00000000000800000000000000000000000000000
61,b96925b57254b57125ea5b9a8a5794cb5e8722cb1ba2b39d69b309c6a692e4960de6d72cb5b9932d391aaa399a0cc55deac75630c536851aa8388114c60000b68000968000d68000
62,596ad253cce151ccc5a8333a4186411a4ca6a5b6b1c73ab9c612b930c5460b01b094965b4b69cc6bb1c8694dc8924e346931889108006c0000cd4000c94000248000490000000000
63,000000600000e00000000000200000000000000000000000000000000000000000000000000000000000000000000000000000000000000000000000000000000000000000000000
64,d69794d557569054dc590d6a51c563518d21a8329c1145a1481a5cb695ca2714a8d7158e182a53a4020c5b35b2b3c9cb9993caa3cf4e5220b161010a000000c00000680000600000
65,59556a51c562518d29b74659965259cc335cb695ca2714a816958e6b6f5b4b6e8459b794b3c9cb899bcaa3cb4ec69372edc972ec90625234cd690302600080800000d00000d00000
66,b74e599672598e315cd6ca6b8670f144e3a16b4f1a4b6e8438b79494d24ad5a252dc9073a69362edc972ec9262b224cda89302800080800000d00000d00000000000400000000000
67,eab55c915d2eb318d2c995d4b1d251a9cdb1ce872dec972d26d7234929c629c5c6298d86a72e59292cb538a8b352a9ba4aabba5239eab6d49416e90a16e00069000014c000000000
68,b74659965259ce31dd576aeb4652cd756de96b6fa54b6ea528b7a365ab5c552b21d567002ab000550200000000000000000000000000000000000000000000000000000000000000
69,b6725b96ee5b91cc3a6931a5628c4aec769093696c730c6e73092e46f250a1283858c4c49c3a25d639b552b1b4ad464842a034000000000000000000000000000000000000000000
70,949794d5938653131a5235b4d0ad59d26d1832d2b63a94f72a94e6616625f2d605f8d63524a5a46e89c326a98b919634400983400000600000680000680000800000600000000000
71,5da4c959e44c49e54ecb4f25a46e19c9ac59dad38b3cf5b8a8e2689956e79d375a1d364c9273262373e5b252c6280c9b909704464800317600b14600b4c600423000b04600000000
72,59484e518aae518aa7ab571293d7b74b53a625ab4a5d13c30d8d8b86a6d45476f3f461b4a72cc52e28e52ab8c4d546123228c4cb80002b00000bc00046d000b10000008000000000
73,596d25564c19556e595991a553b94d513135966d2996cf4b9997295e2ccbb724de67338e4e4a6167a00065a0003b40002b4000ab40005400002a0000000000000000000000000000
74,b762b5b7723674e226eab49eb73958d5b0dc554bc34ecb0851eb40a4b40054a900b6a000cb0000148000000000000000000000000000000000000000000000000000000000000000
75,b76977b76966776367b265baf264b3b2e671292d2c6929a91129a2658b5a258a9e158adeca356121168896c912e92d4d792553313546c6c22d11251228c00856d00052d0005ad000
76,e9c92655c93649d126882929b572536bd2cdee31a493782e2d69ba52b644f2ae924aa8aa53ab28532b58ca38ea35c415022808d80000a600004e0000280000a40000080000000000
77,72d96852a169729b76a964698a6a518e4a4a41192ca29a098c6466735719715599615d890ca260225509c00000d00000d00000d00000000000400000000000000000000000000000
78,cb4aa9ea6a90ea6a5276966667b76663b66292588ce356533b48ccb4ae1262ab3ac2bb129954c566aa229918005ed800555800485800b4e000411000008000000000000000000000
79,b7632db763a97473a98b89cb8b898acb81ae64601553098a4d0000ae0000aec000ced000100000088000000000000000000000000000000000000000000000000000000000000000
80,bc574abf54ac734c2c4b2d19936d4c5b2c34ca9393dab3539a6a53606a5c73ab53616b60b6d91db299279698db6944ec161b13480080b68000b34000970000680000160000000000
81,a972ac8a6a8e8e4a8d6191718a6088400000800000400000400000200000400000000000000000000000000000000000000000000000000000000000000000000000000000000000
82,596d2553cc1951cc59a821a608493264a44d165b56d49bda4c9bd9236466508190ae324bcade74cad6458e32476108b02a02458800007000006c00002d0000900000280000000000
83,a32d00a6ad0086ad00495000842400000000000000000000000000000000000000000000000000000000000000000000000000000000000000000000000000000000000000000000
84,594a7551ca65559947ba5eb3a35ed3234ececa96a6d60cc43b2ce473db3a72db16729db6b22b4ba62943a6314b504aa486010b000000000000000000000000000000000000000000
85,b969c4b3e94eb1b1ccb74658b6725c8c31586229337291fc61ea2d55ad684e8c5858cd5a612e3173ae31612e318ed1c6480630b30c004ae3005a334072d3400d6400509300000000
86,e31b30ab946dcb936c5372cbbb628aea639bb0ccd3b9d853d918d3e596f2d526e2d126e236c8f718d2d412dcf42e330bade0c4a5a000ea0000634000d34000280000130000000000
87,e9ada955caf9498d52e86c0bbc5d5a4e594a71a5b1b1c9362987364b4c88b26c24496c004e9000016800000000000000000000000000000000000000000000000000000000000000
88,cb4aaaea6a8eea6e89b97061b572dab170e553a92d52c14d41c665630652732d8d722473950d6b9589db9589d368140c108912000000000000000000000000000000000000000000
89,b763b9b76239747339ab8da955ca795b8cd24a5726aad6e62a6ac65585b9b1cb36298736a6148427803025a00069280057a80049a800a84000402000000000000000000000000000
90,73494a524d4a636d4d5d8a9a59c8ab49a4e6ca2b7cd28b784a2ae825d5b4315d592534b96225a172d1c969ab4f0b60b42a7b092a5a006b6000aa6c006b6c00159000024800000000
91,ec9d301f11bd4b112cbb12cda396d4634ed489c52db5ce6e69c555c27567da656b99c70dde6c2ace962a5e3e2829b4d629a51634b571d25249492410640000ad00005a00005a0000
92,a94a558d4a55ad4da75fa5b859cb3949c634a9c588a9e5caacc5c621692ec9713b39db3baf4dad8e5aa95a71a9eeac1655800945a0002e0000510000480000800000400000000000
93,ec9d321f91bc4b152dab4e49bd4769b556658a6b8db5a3036993592a78a52b582539c8dad3ce5ad0ecbed2dc6eaa9191ba9b48eadb40372400675900c70000300000020000000000
94,b94a49bd5a49b54a49e9932555cad54986a4cb2316d36396d9ab16214ef0b2b2f07272628d357493794a2d69466d2a5bcaabdad8ab8a4c5444cd220b494000448000f10000b40000
95,ec9d321f91bd4b112eca784ecafb4c8e7b2aaa5692b5a79a69a71a5945245aed24d76524a95a598c2c51948e716592bc69b1616cd568924a80289140000000000000000000000000
96,5ae5ba5ae4b356e4715b5a52f28356538b5665df9225d3b615d3b2aa2c59908344ad1832a6e6adb6caa9b1c2a5499352a604a1010000000000800000800000000000000000000000
97,aa8e86bc92a7ce35c6b2e524aced2424c5254c6c2eee546a8c4e396593b469b16a6cd579d34ab6719ab57192a90e2946611400d8c800273600a62b00d6b700105000060200000000
98,cb4a76ea6962ea6a72159189892864365191c84c59c8cd56c8cd36353088808c120b64c9c4992ee11ea8c516981a84466018088c00006d00006d0000ed0000000000240000000000
99,b76979b7697075e1608a32ddb572d96ac258caccb78a0cb68a588c32c4b192c9798ae4598cb124e4b0d8e2b04c296d588d0d5bb50d4b23b0a41b6c42596800c64000118000000000
100,b5d5a4f555e29374c61b6b79bc6ab2b8696ad5872dd26f28cdac39cae2cceeba8ecab98ec04d53dcb54e586b8ed472539a72879b624dcb236aaa6274da6370650d80c86220c00000
101,cb4a36ea6ab6ea6a8edd592aa6917b5a31d9b74e5c9272588c3158daab2b27249b250f5b6b79a55370a46b31a524841ec82181800000600000680000680000800000400000000000
102,cb4aaaea6a76ea6aaf8ab5328b3927c939e2c9d2d0b93ac0b112c974a79239572a31b617c689d093342204cb5dcb7465cb652548c715b6b8ca080505800000c00000c00000c00000
103,eb693093787d49394d2c86a80a2194b5926874ad6474ac6674a5668b1b10648546501a30aea5b49289b42da6b47614408980a0400000000000000000000000000000000000000000
104,3164891560ab76b08ab29ad90abad9b6b2d99145268809888492975b51691a1aa91b19a9c4e4560818a9700000920000920000d200006c0000900000000000000000000000000000
105,b762f0b762fc75e9cdea686a1e55536c4dc55b9e4b87934c96934c4b492a83957611c561c86e89c8cd868ccd81e330005808805a0000a00000500000000000000000000000000000
106,e980008de800896800628000896000000000000000000000000000000000000000000000000000000000000000000000000000000000000000000000000000000000000000000000
107,ea6b9a55a393499303cb4b938a9352ca73765332291729619c2a636351466396a55b8d2684caca94cad6b28e3a4c7104213202d28c00696900556ba0652980aa9400412100000000
108,f29d19a2d949b271d556ae96d6acced398cdccadb1caa531ccb43953ab2a532b58cab8c8e4cb0ae59f4ac38dcab4abadca2bce9e4dcc56d3b150d5889cd5805b2800949080540000
109,56ae96d7a8ced798cc564c22945b504c73a953ab2a532b58ca38e831c413832908489612b4ab8dca29ce9acdcc3432314409089000005c0000950000540000480000140000000000
110,594b5551a95551aa47554b5b554353567353ee2cb4ee2ab81a38502dd196259c96238c5609316499b94679b1d652b9aac8b96ada999a4b26316a3f606e3890a4856044a2b424e634
111,554b5b554353567153ba5d2ca33d3e232d362dd396259496210c56bc28621b2a933a13524ab1aac8b96adb199a6cc6314d11604b6490a4856044a2b424e63492196000a080000040
112,e30a5bab9153c993318c1694b59687699684e59692c52f93930f122a6da9ce7b31cc2b354a48ee6160d32c62ed5a4a24838d45938e6772c27072b58162b600d6dc00959a00189b00
113,6d994b55954a53992ba36c944c052892d25a6d2cc4561ac54618e4ada51a3204c48491b969a644795e5a395a3586a432699080844a201b5c005b5a00cb520034ac004b5200000000
114,468ca54a8cb44e8eb56929b6692da6896dba74924d2a6932d596808b1c9087a98c2f89719cdb559cda959c93359c14ea9c94ca9c928e9c652d88252c54270d95252db5252d5424ad
115,b7694bb7694a7761badc36b7bca7b798c7b2ad58296cae31250c26e4d2ace5e16cc4c11849adabb1cbca4d8aa685a41155af8295a5a0696e006a0d006a4c0005b000620c00000000
116,16b5aa6e75aa743258ad4b2d765928675b285624d0560920522000a9c000520000000000000000000000000000000000000000000000000000000000000000000000000000000000
117,6929b6692da6896db26ae6cd7462b814b2c68b4b19869b3a2f1b29d364d5249908820000400000400000000000800000000000000000000000000000000000000000000000000000
118,14563a36742a3591fa3126891560ab7670caa5a65462a24a64a64093598092a2009200006c0000900000000000000000000000000000000000000000000000000000000000000000
119,4a99004a92104b50ab49b5574b953a99952de46ad038952cc70000692000292000292000d68000290000000000000000000000000000000000000000000000000000000000000000
120,49b5574b952a99952f8ca9b3aca9138ca9b269124d2920a029035b4ce4a45c694a14e99ceb16ac122d536cd28ad22c6adb636accf3aa251c5548220a000000000000000000000000
121,b762a5b762357562b50a8d488532293a45d675a5a94b352971353594ca8a003421c00000d00000d00000d00000000000400000000000000000000000000000000000000000000000
122,5c898d5cb5cd58698559d126b596ae218d7ac95f49d52b1c1cd38ab74e59937258ce31583094b4bd35bc99a5b84b5b49eb168d6b0e4d2d5972c9d601b93600242c0001c000002000
123,ea5b4aaa539acb530a8832ddb572d969d25cd315ca1714a80c958e32c92992c5528ae5ceb34b318986b1a3c630da29475b04215800005b000093a0003b8000440000030000000000
124,cb4a99ea6a98ca6859b74659b652599e71d95a74a65a76a75a7682296d6c890d56650d2e6e2aa0cf3b26ee0689d95d68c591f95a31b9a86c46418121131800e8da00e55a00c5d800
125,e928a58daa61a9694af96aa9196a97412a6949506ecd4980cd2440ca5a50495e504b5e4036a180005240000000000000000000000000000000000000000000000000000000000000
126,8a724a966956cb494b2910a94a2012900000940000d40000d00000200000500000000000000000000000000000000000000000000000000000000000000000000000000000000000
127,696d66525d76634c6dba5a52a45d52264f529962e2b56af2756a725271ab4675ac72d13ca62e24a64f08a73e28894a54cd9350c4334029ec80cd8340cd4000328000090000000000
128,554b5c55435c567358a98ca31322502490002994002c9400389400c60000289000000000000000000000000000000000000000000000000000000000000000000000000000000000
129,b64e34b54eb1894fb6b6cdc5964db5934da469a25aa40ce55ac11aca3d55563cd55ac29ca51962088894926549aabc6daaacedb3a46d4c519242a40db00000a00000680000600000
130,b28000b2ad01b2923661638b53dbc5615bcd8c242a499147224cb81eb32e8cd37b8cce387321840d5a2092a4d0f8cac0b25eb4b24a9445a548124a90000000000000000000000000
131,5dc48659ca6648cc66d2dd84dacaca5ad8c24d35a52e314a6a31ac6342f26292f4635a634a57967ad394766b14c12dcbe56daca52528be92d04e2520d68000290000840000000000
132,ea5b94c32b73cb4b6b3c54441301b3cc2448ab13caab99c3a9c9cd54b632b94515469a6a555552355555a7127648a9892508545a77009b5600bb6d009b6900649680134900000000
133,72d99352a16b729b73a9622c8a72d68e69a62d2d622e6a722c3b796db4891589243d86526e312dac310f4c319931c6298c31147100006c00000d4000494000b48000090000000000
134,e98d398d8ab1a9c9bdb31adfa396d3234e33ca55a98e55a9ae4d3535ab94b5ab9634ab93c69b94c2cb06e4a31ab36665974802e74c0058b000014800000000000000000000000000
135,e94b2d098ac9498ead6411122348611cb6864b29794bb170cb4d38344cc5027368658cb15a52ce55628e546b8caa544151ca8c2d3400d32d00a96a00936a00521400824800000000
136,5da73559c33549863552d2cbb4e29bb4638d1b4d939eb5f28a336331434cd81c81c262321c994d5cb5cadc6bc824e435db0908013600c98980e94a80f3438013b2002c4c80020000
137,e9ada555caf04b8dd86ab264aa92f22ad3b34e6d796e57716c6d35a7336257397817305b62db37b25b76724d360da688ca91343568002b7a00295a00256a00d29000204800000000
138,594d2d51caad518cad542ccd472ecb57acc4f35571f3b1727369298b25d68a3bdae23759759d59f6995ad655df9b8aaab3caaa96c9baad2645c3312a8b3680314b00356e80256c80
139,6a692b5e4b8b4ccb8fb74658965259ce31598d2b22af2ee4ba24c465cb7278c936b0cce34e46b92e5a312e35edcb36aa4b266a2b17abd66a5527642ae668006880007a40005a0000
140,e9c5ac55ceee5bcd4794f4b0c239b9cab8b4dcd26accd4605ea2722d2d4b094d4825cd41de72ce27728cd26b8ce13ab2ed32b52ca38ed318499f4280930000680000d10000d00000
141,bc4276bf1236734a4e0a2ccc444030251808ba5a00a2ca0063ea00980000220800000000000000000000000000000000000000000000000000000000000000000000000000000000
142,995aaf9d4bae75532fc3934bab964bcb136965eda651cae954c9ec70b5cceac4b071a4b43a6140ccfaa04a9a00b15000082000000000000000000000000000000000000000000000
143,ab5c59ead456a97532949b33d1b3b2519b29e449d6f4bbda734fd9b2ca6fb2ca6e62692ecadeb4cad60d8e5b2ce54a96e5aa96c45956472528e61a14a7850049560069178069c5a0
144,b92d3bb32c33b12d31d2d8cca2da21bad21b933da4956ae59cd8c560e59a0f224532db324d24adcd39a9c5952d3244d60ca329334c404963b08d73b48d7234728c600d4180000020
145,b38800b1a8005268002a7000818800004000000000000000000000000000000000000000000000000000000000000000000000000000000000000000000000000000000000000000
146,ee79698c7a79cc6e79cb574de99696e95762d2498b76ed8a76598a6b6a6b66b3496233595dc5a599c9e5ecc7c7d61418d68444968000380000740000340000800000200000000000
147,e352cba956c9a972c954a914814289240000500000fd0000ed0000120000c40000000000000000000000000000000000000000000000000000000000000000000000000000000000
148,594dab518d1951cd29cb53e46bd2c96aadedc92528b4d522d8cf2a5929c6156dca4d21c66accac3b4cad3b28e25ec652556512c8664bd4ca05d7040ad08000ae000025800025a000
149,ba9a4bbaae57b6ac534951a2309849c36376b45889bd6cb5bcdc6b4280ec1819186421219a5ad89ddacc999a5c6a21a190d008492c00b66c003b5a00325800c4a000205000000000
150,f29d19b2d949b271c553db309add6b8a4765a4a38ac8738ac55b0b35a4e4825b134984ac95c5ab9dc5ab95c529421a94204509800000600000600000600000800000600000000000
151,b74e599672588c31dc5accca92fcaa5274cb4b16eceb966c6b1a9cb5c599a5b264a5a82ab6969554bb9814879a2a4465909218400000b00000ba0000fa0000040000880000000000
152,bb16d99b92d94b16d152e25ab4e352b6735aea5db4aadd998e34bcc1834256243491504be12424b32f08a33e2854c0d6002200000000800000a00000800000000000000000000000
153,b9612bb3f2aab1b32b9a4eced72ae8526a98b66475275466c6d466f5bb896b3516e9b4c132f7bd36b5b9e39d99184a6226249159da0024ac0036ae80b6ba8049450026a200000000
154,ead6959aa7558adb56ab4b429397964b8592486a5a8a71526e61db4aa9e44aa9a54b29c5ee94a6ed56b726d6b54e2d34cb6f0acd4766363070490c80244000da5000675000554000
155,e94c56862c579663564b8a62930e72b34d6a2ce4bc4eecb84ce49c94a74618a6561c94714d3ad349282bedbca3b34b4da2d3ceaa9985376a313b69081868009ee000c55800485800
156,e94c57862c57966973ab96d99392dd4b92cc29af6949da714e3473326b066a6be57a69d4b4e696b5e55697a6d239296d794c49c9cda52cb2346d4809294000980000da0000d20000
157,f32b49b2ab9ba359935c4a695caaf24c2b636b5c2d2a4ead5a6cade2da5a2adcb44ada63b38d92b3ca35aec9b7bd8b526acbd390cb9289944e6609006100000c00002d0000294000
158,f32b4bb2ab9ba35b93ab96ce9396d64b19d2d2bcb4e8b8a54d38e49a65b89a75599a78b869cd2df1caadd1cca525a73269cb2a29e337c614d05982205a00002000007c00006d0000
159,e35b4aa28a5caa9b76cb4a5388ab5b8ce95a275651a656b19471d96525a5c139a1c4d5a56d24de7a24c16d14d0048900400480400000800000400000000000000000000000000000
160,589b9a5e519e4c506cca5acbaa531ecb530cf4b4b86cbf14659b127a44cd76a430561a46a8b5b1f8a579d8a5e5261a1258a540b00000cc00008d00008d00006000008c0000000000
161,bb4a789b8a784b497bf2d2a5f294165a9cc6436da5d3ece572a4e713ab29532b5eca3ae73725a5965ce52f24e7509918240485800000600000740000300000800000200000000000
162,8bb4328b3926c938e224c6998914126318c974a62c39562831b69886c9570134b212d3498d29b5ca2f49c9a5b5345092802900400000800000600000680000800000600000000000
163,db3092d4b9489cb99263495384b408000002800000d800009a0000000000100000000000000000000000000000000000000000000000000000000000000000000000000000000000
164,b7694d967a4dcc314cb7465a9672549e71577496263867343166168698cd212494d6436911b496d15915b4b89202824ab01010400000700000500000580000200000500000000000
165,aa6c4dbc5c6b5d6c2db19252b96ee498d7f62dd196259c96238c56c6432867748464b61b4bd9a4c791884589852a2c360c9180932c002acc00daec00d2cc002d1000508800000000
166,e96dc98aa98a8861c755c5bad564b3536471692b49b32a607b2a62658d692596731d8679c8cadb6caad318ca534b4c5aaaed4a6a4d521500ad0a9852f12700534e0056758072c5a0
167,69d2ca5af28e5ee38ea114425a6a8d249400db44002c6c00d16c00d390000c6800020000000000000000000000000000000000000000000000000000000000000000000000000000
168,e9688c0a54ca4951cc65a85d0c01a09000006c00008ec0002cc000700000888000400000000000000000000000000000000000000000000000000000000000000000000000000000
169,f3655ab27552b225314b5e898a954d49510b96e8cb96ce4b918e2b0b59529393ea9b3ba22766d73344f414c6f4a5570becd2c4a9dad0d317006393406393009c6800621200000000
170,ead7279aa7e58adce692c692d2b3a4529334ac6da4adcbc865cb4d76b49455bcbc34989889252ba982ea698a26b5b5ac39beadb19ba54c44525d2221700000080000500000000000
171,5a48cb5aaca4559cc9a844cb508a0c000001c00000ec0000cd0000000000880000000000000000000000000000000000000000000000000000000000000000000000000000000000
172,b74e589672588c315c5b69abd4b1ab61cdcd53ad1a4e8ccc5aed5c2dd396259496219c7695e4b2b5e6a6b6c6e3ca5ae0a2425acd425a792ca0397650313400c68000211000000000
173,6a4aa95d4aab4f5239f9969898b6d6bcb2d64e6bb457aa3c45a63c796883544ea8256d2d2b61322a7378297969d58416002940692400d6d900b62b4092a340494600003800000200
174,ea5af3aa52e1c95270b74e59965259ce3158b0d6b63da4a3189c934fd553aae695aae6dc4d9d246d8ec66b89342e963068a6c4b8e6d0819900c5a6808da0003a0000818000000000
175,e95749d555928bcd986c321dc84520b000004c00008d80006da000620000890000400000000000000000000000000000000000000000000000000000000000000000000000000000
176,59556a51856351cd23554b46554373567357b79248272d6ad79a6a7cd6934e55534c55d6b794a92f16ad2d16ac52e913a86288971900656f40656b40471940389400050100000000
177,5a5c925e1cb84c189cb74659965259c67158e6862eb5d7289496984e2426af2526aa2532cd30a1aa58ab8578a73863045a9099528004680000620000600000800000600000000000
178,aa6c6dac5c56ce6d2e2180a048434cb60cb14952ca66e28e46a38c19544146b08d3b4242b1b5b4ab359ca714bc44c343391010d20000ad800039d8006d9800860000011000000000
179,594b35518b3551c9b59ad3b29293b4d6afbbcd6b53c96b93c8bb1a365461b48916cb06eb2ca53a28e53238e4e3451354aac4021500006540006940001d0000c20000050000000000
180,cace56aace4e4eec44aab4b5b73489c5b4a56a433669248476311a89cec4c5cecac5c8ca3a31944986009461006b68004b6800496000a68000494000000000000000000000000000
181,596e5b564e5b556e4ea9cdd755cac64992a76949387a591c214c9c5ba32d4b392a4718a33116c2b948e7b8f5a21c8ead09ce92354e6dab6066ab6980ad6840b28000694000600000
182,5da4b459c93249c7369b16e8d3926e4b91c6cb2c44caae5a4eac3d972f2b965a2b5618a9ada994caf1098dd189e65499dc2c3358a371b96788b0d6116286005968009a8c00928000
183,e98d398d8bb989cdb5f43612bca71a98679aca55a98c55a9ae4d35bf94dbab94dbeb9353d44d0c811000e80000700000480000480000a40000480000000000000000000000000000
184,5ad6d25ad5b356d393294848b2ea913ba92e352722ab26aaa5a6aa569855898622161b41d5a4b5d5cc79d4e4580a52a263189044e300396340393a80309280864800301200000000
185,ab554b4b555b5e6dcb59cd2551c96a51cd3a64ba8544b41a2693a5d3675a53649250e39ba4ca6c5b1080072d1ba2d274ed2155cc2654329e8a486004000000000000a00000800000
186,bc9d49bf123473ca70eab998b73918c5b998db46832b31a8cb4910b1969459b9d4b891540604a0109150000000000000000000000000000000000000000000000000000000000000
187,763696671b15639799aa6d568e55678c95b7366a485593344dccc266c4b452c6b956e9b1ad16465a4811a591ba496c452a4e456a6c3505a0320a4c85400020800000400000400000
188,68492950cba9726dad4a98b2aaaaa47b1a245d9a32dd14b9531398b5e64b596453b36473c698d4cb5ca8c6b8a4ce435ad010a4c40000000000c00000c00000000000800000000000
189,5ad7e45ad5c956d4cda90b0c8040d155a1946a5a69555e5a534ed2aea2ec524d13251200dae30016ab00de9b00e11c0014e200001000000000000000000000000000000000000000
190,e5349bb416db8c24a759a926a226d87550372aaf492627692d2765d2c898473424b8aac92b79362b5ea138e69686a44a280804200000c00000a00000200000d00000200000000000
191,d35ab11255b572d5b44d2a42109580b292204d29286b6da86925a09492404825a0000000000000000000000000000000000000000000000000000000000000000000000000000000
192,eb538b931f1b4d4393cb57f3abd672cb533210b4a19cbca99ac92d9cd24a5cac62dcd84acb4e5ca36e58ad6c5a56d1655565ead2e35aec0a206f800831a000c90000260000000000
193,caa989830bd46b4e94da5c69a24e13ad6c11d31b62db86735b16719ad2c69d57e5995786a60cb8678abc258c9c853532c924a6c9f633534a18554da2574d0096a000a90c00200000
194,d35a5812525b32d15cab6c6ba36c0ba52c194891a69128086ac00012d00095a0009580006a0000950000000000000000000000000000000000000000000000000000000000000000
195,596ad353cce351ccc3da72ed83e08e53708c29d5942995ac651c7420e309ab14124c6d2c955aabb55babd54ead4aa5129554816ab200954d801c55809a7300450300125c00000200
196,59916653b14b51314bc85aa98c5683cc718b6d2d340e56392e5e0579cda59dc9d56dd195764da2778bca6dcd859cb7466cb652189c71576a8ce68050b68000b00000aa0000880000
197,b746599672598c3158ea664eaa5cbaba5ef668a4c766a6747ab8e4a56c8a114ecb364dc992a24eda2dde9a9a72e8ca09ca4a90ae3880ad374089bd80b92d00440800893000000000
198,5991ac53b9cd51308cc956a28d94ada96c2e4d62dcc52249c523383acd8e5522318edb4832c4b692cd3f8ac4a77532c408c41ad22400adb2002db28035a680ca4c0021b000000400
199,ea5b4dc32bcb8b4bc9bb4929a392d32349d1d8d6f2d8a6f25aa6f2c1590dd0a4d297632de894b2e69caae698ea1945159318a204c600cbc580c94580ccc6c0360900884080000000
200,594d2551c94f75d9295feda959cecd4984c552998d55e5ca5325a58ad8d948dc8b5cd48e4c6e6c4c4c754c2c2df180c2c84c29c00000000000800000000000000000000000000000
201,e98da58d8a45898db462348a49099494c248323576b35d473174c6466330d990462680005e000049a00065a000b20000408000000000000000000000000000000000000000000000
202,ba9a9ebaaedeb6acce495130c2b20d244c92bb499da4e9916369c999962641290936d292492d6c864d6e89652c21b251480528a00000a00000600000600000800000400000000000
203,e96b66b26b768b296e4d92888b69367492cceb2d2b137a33492a336c858cc920333680002f00002cc00066d000990000208000000000000000000000000000000000000000000000
204,b74e589672588e31586b8ca60534d992d2266d2da76311c12a64e4558e1c0a7187b2864b4965b42b3945a9b177d4467829308493000066000077800025a0008a0000410000000000
205,e9ada855c8f9498c51ce352aa67852ad3046566b695535715d33735252b65c72ad5a637194eaca94cad6b28e3a4c7104b08a024b72005889005cb580546b80a8e400510100004000
206,e9ada055ca70498dd0b7465c96725d9e715c6d2ba3522b945d2b0fda5656e1ae95e18c6a18daed1ca6acb4d65d099998520260400010a00000400000000000000000000000000000
207,e9ada955caf9498d58925116d599575597cb75cb7491c93669cce32ecf585acb5619cce6cb96984b955c2b99589466a3061058480000b60000668000668000900000260000000000
208,e9ada955ca79498dd8b7465c96525d8e315c75ab6b91eb4d6d8951d31eb4e196b9e1c9d19a6cd6b34e56a34e4e72218cf2d5cad1ab4c59a0cdb5a12031a0005b8000d5e000cb6800
209,e955d409d27449c5b4644ec3093010928c00492c002b6c0029cc00d43000294800000000000000000000000000000000000000000000000000000000000000000000000000000000
210,e96b66b26b768b296e4c9288890b2474c4dae8bc3c8d9db2899d9b626264899902000000000000000000000000000000000000000000000000000000000000000000000000000000
211,ab4929c8d13189493543ac02480999865026692e5be2ae5b617a4e0d85b1ca2b6335dc9c4659345259237158bd8ea35249502196c0002ad00022d0002ad000d500002a8000000000
212,a96444b5065ac90d35b746599652598e3159689ccaaa9cccca984d216da699acc825a4ecd4d966b89d629c89710d6e654bee46c92e44f311a1a34c4456b0005634005568004d6800
213,b3b276b1a962526a76525b699b8bd29b4b4a486c45c8ce5a4acc357932725ec9885334d762dd1972d949d271c52d8a3a4810c5b64300e5b4c0e878d0e968d01697008940c0000000
214,595cab549e97569e69ab5054cc9c92ac9c9a4b636290f3b252d36aa5191449d96a39b8d74ca0d07f36228dcb5dcb7465cb652548c715b6a8ca094305480000b68000b34000974000
215,ab5c54cd189aae9c9a72c64baa446a9a444b25991049d96a29b8d77600c85f362244cb5dcb7465cb672548c315b628ea090315480000b68000b34000970000680000160000000000
216,aa6db5ce523c8e8bb4416383480c1486d2aa692d55396f4b7927348691336119c41b6620a495288359a884d6a034e1408310a0008000000000000000000000000000000000000000
217,1674b762746a5674f62534a9225425b794660d2b19193426190e00342240212a40718a408e1580100a00000000000000000000000000000000000000000000000000000000000000
218,1672d562351576333589a0ca611923568ad46ca5d464fad76cfa97930528482a94a6554059644cc96648696691169934286480000000000000000000000000000000000000000000
219,6184100c30c00e39c4618610041080000000000000000000000000000000000000000000000000000000000000000000000000000000000000000000000000000000000000000000
220,1674f4627534767594898a6b643114d24c009c24809a34808c9480606b00889400000000000000000000000000000000000000000000000000000000000000000000000000000000
221,d33155d4b74bcca534b74e5996725c9e71dc4bac988a569986a69979a959b92d51712d514b4b556a93d26953cd4ae44caaf9316b9a088c6000dd1800500000080000500000000000
222,e972dd5572d94bd230da486bac8a5f4ece4932cce292ca438ecb93e65ab8e4eaabe54a223695db26bc9936e919d106c2344911c90000b34000bb4000b34000440000120000000000
223,5c8b325cb7735a69d3bc56e4b961dc9cd31cb973dc9bd2dc71caccb4b512a6a624a43634b49965a5abe5c712c5b096b3bcb79bbc939ac34865b49212340000200000800000a00000
224,5c8a525cb5b75869a354d852c69f2dd6971a34ad5a144c6c35588de9b2c8a54a98e73698d85869b8ae479c6c46ca36d84b14dcb3925ca52d81ae29d89638f06a56f02a55b49a5c34
225,549927c69f2d96961a589b169e73da4a61d9a1bacce74a98a7769cca9f19dad6498e7749eb16dc4b14dcb7165cb66221adb088a44c306a56f02a55b49a5c30652b401a5020000000
226,aa6db1ce52398e8bbc4163802c049d50452226bad2d7349aa618da90c96526109a800000a00000a00000800000000000000000000000000000000000000000000000000000000000
227,eb2b0daba49cab9959b74e59b67259ce3159a5a493a4e498a4c892dcd645de89a2d2a6dda72e5aeaab52e9ab521654a989a942100000b40000f40000940000000000900000000000
228,a963a4ad295589b16fb74659b6725989315816e8ca96ca4a11862a68a75546a34a7aab40a55400802200800000000000000000000000000000000000000000000000000000000000
229,af68008dac24a9b248eb8db655ca26498c56aa3520410642b281ad29694d5a794d5b3b4da544b2d0e85a26172566352564a56b74952b884a9464112a000000000000000000000000
230,e95b4e55ca8e49c66eac31303688d9493526b6725b96ee5b91cc3a6831a5118a52ae652c90568d7224da621d5a4d9aa0826450001000000000000000000000000000000000000000
231,b79253b72557b39cdeeb4f2997ca45458e35369ab2289ab5335ac691212996b9718d71351d428261211194486c1b439293d39733db934c246899a211665800351a0031b4004cb400
232,e98d398d8bb989cdb1f436b6bca7b6986627ca53de8c538eac7acc42d172f2d1b3d3543324db44a4dba2a44b80b26e40b26d804e65a0299200002500000000000000000000000000
233,7ad25a64e5de64d34e1b1321b6ec1a410265b5a59a19751cbc931a426261992c9160da2e9cab529cab52989a6a43649598984a680000e00000680000480000340000080000000000
234,e9c9c455c9cf59d12fd6e493d2e4bb52e893925c5d958e5194ce51b8af640e6f471eae45d551d2f4bbda634a592a6126a17a11ac7a00cace80cad6808e32806108000a0200000000
235,a96842f1aa8ca92d236a6a72567072546352aa8829147142eb8ab63a328932b489a38e8d5c69123500804ac00012d00056d000d6d000290000548000000000000000000000000000
236,5ae5d35ac52552e517915aacad52acb56da60ada4b2c5cb69a5c7b89e359a9939121dbd1760a9474c896734b12499489b56812316000ca8000cb40008d0000320000810000000000
237,eb1216ab9497ab1b97d259289d4d469353702725be6d2aae2d2da692d458292486944b694b4a93b38a9b338b134c14c4130813980000460000234000270000cc0000120000000000
238,b3b259b5aa545a6a66b6725b96ee5b91ce7a2ca2d226a69a66ac928d31314af13ccad02db1bb3631db36b0a72edb26d0c578245364006880005d40004c0000a00000440000000000
239,14b2c5446a6db432f99b0532018a4c4e7590b4b290b592909596902e6c60919380000400000000000000000000000000000000000000000000000000000000000000000000000000
240,7616aa6722aa6326ac14dc42e936310669aae5ba3265b292c4e38a9b147502898a4da200924c0052af00524b408d4400029300000000000000000000000000000000000000000000
241,b96aeab3ea8eb1b9894a5a6394de73b35b71c9624a9173548d7172cc8689d931225acb51b92caa5728e816b898b44433c828c06800109600000e8000aa0000a400000a0000000000
242,b762f0b772fd7569cdab8b08b18b9da98b91e9a4738dac8ea9a37553729d8a62999a76516519ae1122018ad000b2b400b5a8008ea80049400080a000000000000000000000000000
243,ab62b1c95ab8ad5e94525767923476ca546769392969b9796c3139da8a86ecb5a95e6926612ca978498538cdb185b6491a490464b0019b48009ccd008acd00616000108c00000000
244,e9cd2c55ceae49c5a6554b5a554357567354ca694b8c455acd6d7320b28d944c6c69a1838a5a72c85c72d8dc7243a30d145162e9aa803a32c03292a0e38ac0547500028280000000
245,b9562cb56629b56699a9cd5655cac65bd2a6662d586d8483ac5b3469ab29712a8528b671cc098b30226e4d8d959a620d95e26a95a06a6a4c14108268000000000000000000000000
246,b94000bd44a0b55a435fabb459aa3949e63ca6198649a6c8169037496d492d4f692567659aa898474220b1959839ed9a396dda3164da8693203104d0000000000000000000000000
247,73260d52b72e76972c595c89549e97549c69da594c3cb55be8b27353490c589252400000800000400000000000000000000000000000000000000000000000000000000000000000
248,cb4aa9ea6a90ea6a521591aec308502c4000d25000e35000335000b48000424000000000000000000000000000000000000000000000000000000000000000000000000000000000
249,cb4a79ea6960ea6e71b970ccb572ccb5614c5a1e525c5a844a5a9c59892e2719ae5bc9aea4ac51548948f6a4a0da6868de57405e564081a9a0584240000000000000000000000000
250,b762f0b772fd76e9cd7315a652b9cb72ade3559614d116a39356c425a5394ee5b94ca4b5b0d9424920a1b150304ca98c9e97897269a5486a16318081884000600000a80000480000
251,ba9b45be73d56c6185b396e9a3926a2319c5b8b25a98a29e7ae39e459861eda21855a58a29555539dd51303ca9c6325638800127440096b800d57400d4c6002aa400101000000000
252,5a7b495c2a0e4c2954b746599672599c3158d69762d451645554c429a869d64e69a64c6d249e9469571a273616d26b75f0f2b2e2d328392d41307426315401dca8009b5000ab4000
253,5da73559c33449c72ca6319149a426d2d25bc92ba4b96ae5b12ac746951831c8858a3248752db3d3ab3a4da9b60e5340718c24880000480000a80000680000100000680000000000
254,b763a6b7623677e2a6626ac9566a89566989298da615842715cd25c226aaf39b24f35b1a0c249b420960100010c00000d00000900000680000900000000000000000000000000000
255,b763a6b7695674692e58b72abc937aacce386938d3579c1b629c5bf352c4b25a14b930921cb5a2069536369526c92a52c92ba2892c6a3132451535822534409200001350001ad000
256,e9cc2c55cfae498da64b6d6c93a94ddae90e4b5c59cad5514957312b608caaa921292e5273616d62b268a97164040593306040480000f000009a00005a0000040000080000000000
257,ec992c1f114c4b11cd4b5ad88a96acc9759c4b4b4db38a6e33ccafa4cb70b4c937b4cc63db5a5bc55a875b5e96cb21694ac8942ad000950000088000000000000000000000000000
258,e98d398d8bb989cdb1f436acbca7b49866b2ca53bd8e53398c4e3c9cb6ce9ca6c618b26e5939a8591a044998e0b64dc0964db0c9cdb4656240800520000000000000000000000000
259,b9698db3f18db5a9c5bf4a5ab3d13c99d934cca7469cb652989c71b6ea8e44d431cad24aa96db5a0d9cdb24d894e4a22a1a098400000800000400000400000c00000000000000000
260,2272ca2a72b44b63b2dd9a49bd1511231b89c394ece314cee7928e86d4b0a716aecd56c1d649319678b5f371b5488f42d210b10d2c00d2cc00e5ac00e10c001ad000c10800000000
261,5ae2555ae3b956e26da90d5244c229331186496e708c76718d49b972a1c6094e69b6c5a647264992c58952c5494c9a24130401e4c0001b00009ed000ded00021200014c000000000
262,f3655ab27556b22531e94dc355cac64992a696e9cb96ca4b91ce3b6c65947646952e269425a5b463c4eb22c4b155b91555a4a245a0003a00003500002500009a0000240000000000
263,6a6b345e73384c0b30bb96e8a3926e6399c6cd24a4ca2eb54d4eb4962a5b970e51573671a925a5c3858bc58d860a59159cc1689ac160496a008d68408d68002280000d4000000000
264,59612e55738e55612eaa9cd05561260892d0d5352cf419868c191619a428601914080000000000000000000000000000000000000000000000000000000000000000000000000000
265,e393b4ab4b38ca53186128c6521ce47354c3a5b6435e14f426149d316654b14655b5c71442b0baa446400b6880839700e326c0e2e2d0169100400280000000000000000000000000
266,ec4e251f4a734b0c222a6969b38c5333354ac55c6df4bd4e734d2d9330949b5191836c685b8d4ad9d95acbcb522424ad838b5264200063500063d4006234008c6000218000002000
267,eb09ca8b8eaa49852c2470d2c9110112a460c1531b552b1394d34aa4cc2d430312308000c00000500000900000680000100000000000000000000000000000000000000000000000
268,5ad7e65ad4e356f4c3b74e59967259de715925ae2449972239b628324c45dab551cab340ab52905a18f8791b1884c491702060800010600000600000b00000400000200000000000
269,cb4a2bea6aa9ea6aa989850c9c8f2ec96f2e156e4e244dcb25d587d3b29b52939352978b496c608a6c13b36c00d29000cd2800c00000000000800000000000000000000000000000
270,e999cc8de94a8961ca4a3994f7391c55b1996a6e6e4c54764d6e2924ad9b29a67aacb46656679cd6a55c12e6dc69d35853cf5e4e4cd6bb33284a8012f70000d80000260000800000
271,72d96952a169639b695ad2b3b4f3b1a66271a464a4b54968a5256ca5b492b5ca80b53569cf2b2cc6a958c6256c385a93482148368000cb40004f40004c0000b20000480000000000
272,75adad54ada574a5a5e92acc8daa4b89a219c99a638b95728e936b64a885d6b66ad6a955f2932a52ab24d2e39b0f1499c2cb620d2210d2dc00c59a00c312001ac600401800000000
273,aab995b73975cdb993d66d2cf468c68e69260e34a92f68aabc25914b4e5b2a5e5a2b7a764d4b3986bab9864e3929b146a64821a00000400000680000e80000000000400000000000
274,b74658967259ce3158a983a4b57236697226ee262cc35628cdc6383628c4c11128324eb3452c84ce60cecd6985309633888180636c0058d30058a7405a9600a15100588400000000
275,59572d556725556724aa98d34168c49cb7307929ee7729ce66396e98d699042d8a6502655ae5994ae49b5a6671b5190c6244011cc000658000256000156800ca8000044000000000
276,b163a4b56236aef225e9832555cad5498ea4ac313253220cac9430235b4ca29bc66b3bc645c4386c69448391ad6a1c52aa9c9a2adc9a256365c81892200000c00000a00000200000
277,b162f0b562fc8ef1cdb746589672599e3158492d17b6bd216936246d2d6bce2a6ace2d6ca59912c3596a8a3cd7d252c86598dac39b5ad24020cc9250020000800000000000000000
278,b74658967259ce3158626925566219567359ad2d6ace2a6acc2d6c1a4c92946861036d10d252e06598d8c39b5ad264a00c9250820000000000000000000000000000000000000000
